P09603,5.40E-11
O60609,1.39E-09
P09960,2.18E-09
P01160,4.25E-09
Q99988,7.77E-09
Q9ULZ9,9.36E-09
Q92794,1.09E-08
Q6UX15,1.09E-08
Q15768,1.66E-08
O95393,3.45E-08
P21246,3.54E-08
O14836,4.17E-08
O75355,4.67E-08
Q8N6P7,4.69E-08
O95631,4.89E-08
Q6UXX9,6.41E-08
Q9BXN2,7.43E-08
P20333,7.84E-08
Q9NQ30,8.35E-08
P03372,8.46E-08
P23528,9.29E-08
P55075,9.61E-08
P16284,9.69E-08
O60565,1.04E-07
P55289,1.27E-07
Q9UBX7,1.54E-07
Q13231,1.60E-07
P01730,1.74E-07
P49961,1.77E-07
Q9Y4C5,1.83E-07
Q13261,1.94E-07
P01374,2.02E-07
P28908,2.22E-07
Q05513,2.27E-07
P54750,2.74E-07
P00747.1,3.03E-07
P32942,3.16E-07
P06788,3.23E-07
O60383,3.47E-07
P01236,3.51E-07
P08311,3.79E-07
P30519,4.41E-07
P12314,4.64E-07
Q08334,4.92E-07
P05413,5.23E-07
P00558,5.42E-07
O00541,5.61E-07
O14757,6.44E-07
P16860.1,7.35E-07
P01137,7.54E-07
Q14498,7.55E-07
Q8WWQ8,7.91E-07
Q7L7L0,7.98E-07
Q16832,8.21E-07
P37023,8.49E-07
Q6UX06,8.91E-07
P02778,9.01E-07
O15232,9.16E-07
P04626,9.20E-07
O00175,9.61E-07
Q9Y5S2,1.05E-06
P10415,1.12E-06
Q9H4F8,1.15E-06
Q8TAD2,1.19E-06
Q04912,1.21E-06
P14210,1.24E-06
Q9HC73,1.28E-06
P07585,1.32E-06
P51665,1.32E-06
Q9Y264,1.38E-06
P00441,1.40E-06
P45379,1.58E-06
Q96MS0,1.60E-06
Q8IZF4,1.64E-06
Q9BY79,1.65E-06
Q9Y258,1.68E-06
Q8IU85,1.76E-06
P19438,1.78E-06
O95150,1.90E-06
P52789,1.91E-06
Q9H1K4,1.97E-06
P07202,2.03E-06
P12034,2.16E-06
P00797,2.44E-06
P23560,2.58E-06
O14763,2.61E-06
Q9GZX3,2.65E-06
P24941.P20248,2.65E-06
P10600,2.67E-06
P04114,3.11E-06
Q9Y6W8,3.62E-06
O15496,3.72E-06
Q9Y5K2,3.90E-06
Q7Z4V5,4.06E-06
O95633,4.20E-06
P98073,4.31E-06
Q8IZJ0,4.45E-06
Q00987,4.46E-06
P14091,4.48E-06
Q9UHI8,4.69E-06
Q99616,4.70E-06
P20809,4.91E-06
P07093,5.49E-06
P39905,5.58E-06
Q96GD4,5.61E-06
P20700,5.65E-06
P31947,5.93E-06
Q8TE58,6.03E-06
Q9HAV5,6.08E-06
Q13007,6.35E-06
Q9HCB6,6.52E-06
P68431,6.97E-06
Q96DA6,7.17E-06
P39877,7.29E-06
Q8N8U9,7.34E-06
Q92765,7.55E-06
P18065,7.59E-06
P09237,7.71E-06
Q96P31,7.73E-06
P51512,7.92E-06
P01034,7.94E-06
O43184,8.17E-06
P07858,8.17E-06
P08833,8.41E-06
O43927,8.66E-06
P17213,9.14E-06
Q9Y5C1,9.18E-06
P16871,9.27E-06
O00451,9.79E-06
O00220,9.85E-06
P25787,9.95E-06
P53350,1.00E-05
P14780,1.04E-05
Q13219,1.13E-05
P45973,1.16E-05
P16860,1.17E-05
Q9UHD2,1.20E-05
Q8N158,1.25E-05
Q9NR61,1.29E-05
P06493.P14635,1.31E-05
P42701,1.40E-05
P12931,1.50E-05
O95243,1.53E-05
P41271,1.63E-05
P42679,1.75E-05
P08133,1.77E-05
P11142,1.79E-05
P0C0S5,1.81E-05
Q2I0M5,1.81E-05
P17706,1.86E-05
Q9Y4X3,1.96E-05
P35613,1.99E-05
P31751,2.01E-05
P51813,2.08E-05
P00519,2.19E-05
Q12904,2.33E-05
P23946,2.34E-05
P10145,2.42E-05
P15498,2.42E-05
Q9Y240.1,2.52E-05
P61328,2.55E-05
Q12805,2.61E-05
P40121,2.63E-05
P78380,2.68E-05
O15392,2.72E-05
P18669,2.78E-05
P61769,2.79E-05
P25098,3.00E-05
P54108,3.06E-05
Q14114,3.08E-05
P21217,3.13E-05
P07451,3.23E-05
Q9P286,3.24E-05
P26038,3.31E-05
P00750,3.32E-05
O95388,3.36E-05
O76093,3.55E-05
Q16778,3.58E-05
P08246,3.67E-05
Q76M96,3.79E-05
Q9GZV9,3.81E-05
P54646.O43741.P54619,3.82E-05
Q9UK53,3.88E-05
Q9NQU5,4.02E-05
P80511,4.04E-05
P62993,4.04E-05
Q96RJ3,4.42E-05
P08620,4.65E-05
P30566,4.67E-05
P04179,4.69E-05
O15530,4.71E-05
Q9BXY4,4.81E-05
P55773,4.83E-05
P43630,4.87E-05
P56159,4.89E-05
P29353,5.24E-05
P48745,5.39E-05
Q9NZK7,5.40E-05
P51452,5.45E-05
Q9Y625,5.62E-05
P01011.1,5.89E-05
P21741,6.12E-05
Q8N2S1,6.30E-05
Q9NZS2,6.47E-05
Q8N474,6.79E-05
Q07654,6.85E-05
Q99471,6.94E-05
Q9HB63,7.63E-05
P05164,7.91E-05
Q13946,8.05E-05
P62081,8.35E-05
P61812,8.57E-05
P47992,8.95E-05
P00533.1,9.07E-05
Q9NS85,9.09E-05
O15123,9.21E-05
P19429,9.23E-05
P01024,9.29E-05
P05162,9.69E-05
P55008,9.83E-05
P20718,0.000100364
O60259,0.000100499
P35442,0.000106557
O76096,0.00010735
P20273,0.000107518
P26718,0.000108803
Q99538,0.000111767
P23510,0.000113094
P01024.1,0.000124079
O14793,0.000125059
Q9Y240,0.000128775
Q14397,0.000137795
Q9NRR2,0.00014043
P49773,0.000141495
P06239,0.00014603
P07948,0.00015669
P06702,0.000160317
P01189.1,0.000161786
P16591,0.000163899
P04070.1,0.000172504
Q00535.Q15078,0.000173085
P13500,0.000173345
Q8NEV9.Q14213,0.000173891
Q9BZM6,0.000179609
Q9NYA1,0.000182185
P01024.5,0.00018291
P18510,0.000183193
P07148,0.000185459
Q92688,0.000185568
P42680,0.000185789
P00533,0.000194912
Q9HD89,0.000205103
P20393,0.000207447
P78556,0.000210528
Q9UJ71,0.00021101
P43489,0.000212061
Q86VH5,0.000214533
P24158,0.000214819
P06241,0.00021598
O00585,0.000225163
P84022,0.000233602
Q8N5S9,0.000234463
P19022,0.00023684
P01033,0.000240195
Q06830,0.000245742
P05112,0.000250564
P01266,0.000257069
O60542,0.000264218
Q7LFX5,0.000272434
Q8N1Q1,0.000277434
Q9Y3C8,0.000279528
Q9NP95,0.000285136
P01009,0.000309573
O76074,0.000316118
Q08945,0.000320586
P10144,0.000324645
P63098,0.000331799
P56470,0.000348085
Q07011,0.000348511
P43166,0.000363616
P25774,0.000375129
Q12841,0.000376923
P60900,0.000385016
O00602,0.000389373
O14929,0.000410079
P17252,0.000410523
Q96KP4,0.000414297
P16471,0.000429369
P22626,0.000431788
P02771,0.000466478
Q15109,0.000480316
P22392,0.000488808
P0CG47,0.000495041
Q9UJ70,0.000495544
P58294,0.000499136
Q8N3X6,0.000513992
Q9UMR2,0.000515248
Q06323,0.000516947
P11171,0.000588411
P16333,0.000593884
P49767,0.000600443
Q16627,0.000600896
Q8N0W4,0.000607257
Q13253,0.000610465
Q13557,0.00061198
O75015,0.000615511
Q9H9S0,0.000616631
O95445,0.00062279
P43490,0.000623993
Q01484,0.0006329
P54760,0.000638901
P55075.1,0.00064036
P33681,0.000644167
O95219,0.000674843
P04040,0.000683069
Q86UE6,0.000692613
P22301,0.000696246
P30533,0.000699999
P07478,0.000704619
Q9NZR2,0.000709157
P35225,0.000710377
Q9UBN6,0.000717127
P22607,0.000733898
Q86Y22,0.000734606
P52823,0.000752124
P23280,0.000770678
Q14108,0.000796145
P25786,0.000805685
P09326,0.000805883
P27169,0.000822745
P42224,0.000835818
P32971,0.000842482
Q6ZMJ4,0.00085312
Q9NYY1,0.000856338
P20160,0.000860923
O95944,0.000890929
Q9P0G3,0.000912659
P24071,0.000919312
P02788,0.000933942
Q99729,0.000950265
O43765,0.000955113
Q02246,0.000970275
O43278,0.001004772
P05154,0.001015674
P04035,0.001045259
Q9UHL4,0.00104905
P04183,0.001057893
Q08708,0.001090796
P08631,0.001098592
P00738,0.001110109
Q15796,0.001128734
Q9NQ76,0.001140805
P61960,0.001142421
Q9UBC2,0.001181045
P63241,0.001181344
P03950,0.001204958
P49137,0.001208391
P16112,0.001210992
Q5T4W7,0.001229686
Q96CA5,0.001257034
P19957,0.00132591
P99999,0.001349319
P34130,0.001371691
Q9H2A7,0.001380754
P55774,0.001398191
P78344,0.001419288
O94907,0.0014229
O95407,0.001429556
Q9HB29,0.001438423
Q14019,0.001458897
Q9BXJ7,0.001468979
P24593,0.001518161
Q07325,0.001526307
P05019,0.001532278
Q6NW40,0.001546208
P63167,0.00158273
P01024.4,0.001652278
P42684,0.001662505
P07195,0.001671806
P12268,0.001680603
Q16623,0.001711879
P29965,0.001712977
Q9H7M9,0.001721428
P80098,0.001747309
P03971,0.001753875
P18093,0.001782691
O00408,0.001825764
Q16270,0.001877296
P14555,0.001931483
P06213,0.001939802
P30041,0.002024474
P09486,0.002025287
O95990,0.002052867
P05231,0.002110649
O75173,0.00213405
Q9UK85,0.002196638
P02743,0.002226016
O75716,0.002246063
P07951,0.002256908
P27361,0.002340167
Q16719,0.002421577
Q14982,0.002429517
P07948.1,0.002497619
P02647,0.002507183
Q9GZN4,0.002564198
Q9NZU1,0.00257674
P12277.P06732,0.002608543
P00746,0.002679867
P60763,0.002764327
Q9BZM4,0.002769282
O75914,0.002780156
P62979.1,0.002787229
Q969D9,0.002827964
Q9BU40,0.002834766
P0DMV8,0.002855986
Q9UHP3,0.002894729
P01833,0.002933391
Q9BZW8,0.00293498
P08865,0.002988362
O14791,0.003002705
O95256,0.003048254
O00533,0.00305458
Q01638,0.003059292
P56211,0.003112576
O43921,0.003121772
P14635,0.003203579
P09936,0.003217582
Q13542,0.003247926
Q9NZ08,0.003250769
Q8TDQ0,0.003258618
P42574,0.003302093
P20936,0.003317756
P07306,0.003337898
P48960,0.003349885
Q9BYZ8,0.003405531
P08700,0.003431944
P13232,0.00355784
P14618,0.003623724
Q13882,0.003733984
P14550,0.003735933
P04085,0.003787242
P29597,0.003861986
P54756,0.003952047
P41273,0.004027635
Q99497,0.004101658
P26447,0.004198759
P27348,0.004264173
P35354,0.004281566
Q15056,0.004333201
P40925,0.004441833
P07359,0.004474302
P63208,0.004477658
P22894,0.004483126
P53582,0.004565329
Q9Y3A5,0.004575662
Q8NFM7,0.004707021
P10767,0.004747224
O60243,0.004801405
Q02487,0.004918073
P10636,0.004922387
P30419,0.004923851
P07288,0.004933485
P12277,0.004997595
P00915,0.005056813
P01374..Q06643.1,0.00511203
O43915,0.005187539
P62979,0.005245091
P29350,0.005341558
P67936,0.005537361
Q08722,0.00575077
P37840,0.005887029
Q96GP6,0.006013289
P15289,0.006070323
P0DML2.P0DML3,0.00613263
P03129,0.006159351
Q9UBP4,0.006310607
P19320,0.006421717
P22223,0.006443991
P45984,0.006470539
P19883,0.006516791
Q9H3T3,0.006615356
Q99706,0.006645069
P13591,0.00665255
P01127,0.006663847
P05089,0.006815739
O95185,0.006835862
Q02413,0.00696981
P03956,0.007072577
P98172,0.007168912
Q92484,0.007187777
P52292,0.007337687
Q04609,0.007537801
P23284,0.007611279
O75815,0.007635108
P12956,0.007646708
Q8IU54,0.007812602
Q16663,0.007854354
Q9BXR6,0.007995674
P52209,0.008047846
P21815,0.008189767
P39900,0.008254097
P21781,0.008288025
Q6UXM1,0.00838458
Q6UXK2,0.008392886
O75144,0.008491762
O00764,0.008532496
P02649.2,0.008649342
P55010,0.008702136
P13598,0.008791128
Q9UHA7,0.008852586
P15586,0.008868515
P04792,0.008972277
Q9BY76,0.009169346
Q8NHW4,0.00925637
P03973,0.009267784
Q9BQ51,0.009340724
Q9NP79,0.009361028
Q99062,0.009406385
P08684,0.009431896
P10643,0.009541321
O60258,0.009603231
Q13813,0.00964758
P01215.P01233,0.009659044
Q14005,0.009875611
P35968,0.009917267
P19174,0.010079021
P69905..P68871,0.010510979
Q969Z4,0.010651707
Q9UK05,0.010910491
P11309,0.010952322
Q9NZH7,0.010978698
P05451,0.011135821
Q8WVN6,0.011227189
Q8NCW0,0.011310914
P26992,0.011332503
Q08752,0.011367839
Q15762,0.01153166
P01275,0.011651002
Q8WWK9,0.011684357
P12259,0.011723709
P16035,0.011883752
P06732,0.011922196
Q9UHF4,0.011991039
P42702,0.012129201
O75594,0.012196877
P45985,0.012260633
P01189,0.012294571
O43699,0.012429208
P63104,0.01255621
P20226,0.012628444
P08294,0.012796858
P49336.P24863,0.012940659
P42081,0.012941802
Q16610,0.013024314
Q16790,0.013188395
P07339,0.01333291
P48061,0.013648149
P11387,0.013679162
P10909,0.013851961
P05230,0.014261137
Q06187,0.014337007
P01308,0.014426022
Q9H293,0.014554735
O95390,0.014753056
P35070,0.014777987
Q92994,0.014935793
Q14112,0.016047009
Q86VB7,0.016245256
P21695,0.016247401
Q9BYP7,0.016559925
P15428,0.016841871
P48047,0.017708869
Q13561,0.017835919
Q8IW41,0.018021742
Q13489,0.018194105
P02144,0.018291815
Q13873,0.018398408
P22079,0.018430443
Q92843,0.018476011
Q49AH0,0.018642962
P07237,0.018817712
Q13554,0.018867633
P36222,0.01893209
P01042,0.018994341
P10768,0.019049724
P04629,0.019064048
P15248,0.019477264
HCE004152,0.019694127
P61289,0.019717551
P02649,0.019783468
Q15648,0.019866239
P05771,0.020183707
P08962,0.020334202
P04004,0.020578498
Q9UHF5,0.021210528
P23396,0.021514477
O60880,0.02166522
P14778,0.021864515
O95750,0.021868701
P48788,0.021973308
P02776,0.022039451
P09429,0.022762115
P78504,0.022903911
P29320,0.023005774
P49763,0.023038346
P68400,0.023542916
O60506,0.023813763
P36896,0.02402993
P49771,0.024041524
Q6UXZ4,0.024323998
Q8TEU8,0.024427796
P01130,0.024643086
P60604,0.025409686
P08514.P05106,0.025687646
P31371,0.025952705
O94779,0.026103371
Q9NR28,0.026197636
P24592,0.026369153
Q9Y259,0.026415344
Q92563,0.026788
P20711,0.026827009
P54826,0.027568305
O60674,0.028345349
Q92583,0.028377181
P12004,0.028525457
P46108,0.028533617
Q14943,0.028602609
Q9UBT3,0.028674058
P04637,0.02890817
Q9HCN6,0.029106799
Q02750,0.029113721
O43318.Q15750,0.029614777
O00170,0.029956543
P07947,0.030741458
P03952,0.031214847
Q5JZY3,0.031265203
P29622,0.031615432
P13987,0.031814651
Q4KMG0,0.031977578
Q99075,0.03302536
Q9UM47,0.03302708
Q9Y286,0.033665741
P0CG37,0.033689934
P00747,0.033801654
P51812,0.0344427
P24821,0.034656015
P62937,0.035260569
P04275,0.035290201
P20810,0.035589843
P01583,0.036169658
P07333,0.03652254
P07355,0.036743985
P01189.2,0.037063888
P04406,0.037461629
Q9Y5U5,0.037667656
P50281,0.037977502
P78333,0.03825032
P10915,0.038489136
P04150,0.038698628
Q03405,0.040474263
Q9NX40,0.0406235
P01588,0.041246621
P29323,0.042455157
P02649.1,0.043228223
Q15828,0.043582152
P01298,0.044138999
P02649.3,0.044522673
Q6YHK3,0.044724913
O14786,0.045038933
P46531,0.045077908
P01037,0.045792152
Q06418,0.045863629
P09769,0.046423732
P10451,0.0471266
Q02763,0.047986105
P06703,0.047990781
P05090,0.048270092
P62258,0.04834536
P02794.P02792,0.048421089
P22004,0.048648222
Q9Y5Y7,0.048695725
Q9UM44,0.048736277
Q96PX8,0.048867025
P61978,0.048905994
P62306,0.049132248
P47929,0.050024674
P41240,0.050037703
P22897,0.051104407
P06396,0.051870604
Q05315,0.052185274
P49840.P49841,0.052307552
Q9NRA0,0.053464075
Q9UNG2,0.053464565
Q96NZ8,0.053667097
Q02241,0.055586183
P16870,0.055593694
P78552,0.055969312
Q99714,0.05599402
P02751,0.056150335
P25445,0.056182412
P00740,0.056356567
Q13421,0.056533809
Q9UIC8,0.056793483
P01215...P01225,0.05681432
P31994,0.057080856
Q9UBR2,0.057420622
P22304,0.057544626
P60880,0.057991887
P51884,0.058306688
Q9UHX3,0.058402455
P80188,0.058754286
O95274,0.058814877
P38484,0.05912467
Q9H2X3,0.059148576
Q14563,0.059409702
P50395,0.059533803
Q9Y5W5,0.059583115
P28482,0.060013395
P0DJI8,0.060180284
Q8N6Q3,0.061199639
P11362,0.061738071
P10645,0.062017127
Q15181,0.062975573
Q00872,0.063488002
P21757,0.063535863
P09341,0.063898227
P09683,0.063928649
O60911,0.063978618
P13725,0.064407067
Q76LX8,0.06451282
Q9UQM7,0.065215534
P00742,0.065353334
Q495T6,0.065418686
Q9NS68,0.066077603
P01584,0.066093654
P01024.3,0.067723627
Q99856,0.06797055
P02671.P02675.P02679.1,0.068848502
Q9NPY3,0.069379649
Q9NPH3,0.070667506
P38919,0.070901805
Q16548,0.071363934
P52798,0.071632518
O00548,0.073226252
P50579,0.073453684
Q9Y337,0.073960746
P61278,0.073977656
P11717,0.074431877
P07477,0.075368083
Q99665,0.075602097
Q8IZU9,0.076006854
Q14974,0.0768798
P02751.1,0.076972028
P24534,0.077320866
P05156,0.079492164
Q13131.Q9Y478.P54619,0.080683626
Q02083,0.081032684
P05362,0.084217085
P35247,0.08438812
O15197,0.084555318
Q9HAP6,0.084624153
P01023,0.085627511
Q6UXD5,0.08614591
Q9NR71,0.086890139
P45452,0.087359739
O00206..Q9Y6Y9,0.087549707
P30040,0.08792849
P00973,0.089410081
P00734.1,0.090141628
P17676,0.091275941
P04818,0.091342009
Q86SJ2,0.091921022
P02765,0.092937214
P31749.P31751.Q9Y243,0.093450636
P48023,0.093718691
O95727,0.093960051
P17181,0.094109125
Q9HCR9,0.09423921
P00749,0.094625131
P01008,0.095154063
P08069,0.096401705
P45983,0.096566576
P01876.P01877,0.097904558
O96017,0.098200591
Q96B86,0.098617698
P09758,0.098719988
Q96KN2,0.099037591
Q9NP60,0.099552737
P58417,0.099830756
P42830,0.10004637
P48740,0.101438083
Q04759,0.101910351
Q92838,0.10233835
P16403,0.103441792
P21802,0.103660989
Q9NRM6,0.103711218
P01589,0.104072161
P09211,0.105012417
P58499,0.105032738
P22455,0.107361138
P09228,0.107801777
O43508,0.109405018
Q9HBX9,0.109571167
Q8NHL6,0.110178101
Q01469,0.110714764
P00751,0.11173745
O76036,0.111994501
Q96KQ7,0.112581015
P39060,0.113939518
Q92823,0.115481815
P0C0L4..P0C0L5.1,0.11618398
P22749,0.116823681
Q08188,0.117294472
P24298,0.117489936
Q13443,0.117987583
P00734,0.121023091
P05412,0.121181327
Q9UNA0,0.121849415
P60174,0.123483046
P05783,0.123839958
P19784.P67870,0.124426138
Q13093,0.124479078
P14543,0.124607232
O43488,0.125020951
P07900.P08238,0.127981789
HCE004331,0.128382205
P30086,0.128440198
P68036,0.128704984
P00742.1,0.129400829
P02741,0.129447549
P09919,0.130314197
P53634,0.130768587
P01567,0.130889299
Q06124,0.133359636
O95711,0.133431559
Q9UNZ2,0.134723964
P42226,0.135862069
Q6ZVN8,0.136842692
Q9Y219,0.138279532
Q03154,0.138382227
P31937,0.138602894
P20231,0.139010035
HCE000483,0.139126738
Q9BZR6,0.139665122
P04054,0.140036814
Q9Y6Q6,0.14151495
Q9UQ80,0.143900757
Q15465,0.144471879
Q08431,0.145259101
P26951,0.146518141
Q9H2E6,0.147345042
P80075,0.147977577
Q16543,0.148643414
P22748,0.149201336
P30085,0.150110458
P30044,0.150824842
Q96DU3,0.151703545
Q13591,0.151950425
P16671,0.153145594
P20839,0.153904835
P36871,0.154687909
P08476,0.156763802
Q07817,0.157404901
P01579,0.159097067
Q08209..P63098,0.159248185
P08185,0.159342208
Q02297,0.160222542
P56199..P05556,0.16176674
O43320,0.162207482
Q14574,0.164141649
P35443,0.164807676
P01116,0.165785799
O43464,0.166324828
P40238,0.168443353
P00740.1,0.169204263
P08758,0.172992991
O43323,0.17558464
Q9UIB8,0.176925321
Q9BQR3,0.177943727
P07384.P04632,0.179193545
P35475,0.179615791
P51671,0.180703974
Q9BWP8,0.183147805
P26441,0.18337881
Q01151,0.18380368
P01241,0.184468546
P00918,0.184526117
HCE004333,0.186966407
P05067,0.187323934
P06744,0.187639263
P05546,0.187905643
O43155,0.18791762
Q6UWV6,0.189365136
Q9NNX6,0.191053479
Q15303,0.191878807
Q9UMF0,0.191937902
Q9BZZ2,0.192024887
Q9UK55,0.193118023
P17612,0.198995227
Q9HDB5,0.203251923
O75556,0.207210055
O60486,0.207497507
Q96HD1,0.207957065
P05121,0.20853318
P43652,0.209581022
Q86VX2,0.212228737
P01282,0.213218158
Q01105,0.21523184
P16435,0.215958089
Q01344,0.216311039
P63279,0.217164996
O15264,0.217727
P01566,0.217891058
Q8TD46,0.21852191
HCE003183,0.220441833
Q12907,0.220965637
P06681,0.223526086
Q9NQW7,0.225172552
O94991,0.225855421
Q14624,0.226644563
O95571,0.226717387
P02745..P02746..P02747,0.228026645
Q08499,0.228852508
P01031.P13671,0.228953831
HCE004359,0.229609078
Q9P126,0.229933024
Q96AP7,0.23181409
P41217,0.236633348
Q29980,0.239997348
Q9BWV1,0.240708801
P42892,0.242481723
O75791,0.242742067
Q14162,0.243907297
P01024.2,0.245356144
O60469,0.246308305
P22692,0.247010226
P06756..P18084,0.247374533
P01854,0.248017607
O43291,0.24810756
P10646,0.249909682
P01374..Q06643,0.251710549
Q15848,0.253705347
P02775.1,0.25387798
HCE003300,0.254621242
Q99983,0.255822611
P08238,0.258387629
P02775,0.25851641
Q9BY41,0.26342695
P05543,0.264649453
P20783,0.264952762
P15848,0.266047434
P01375,0.266394545
P07492,0.266601927
P68400.P67870,0.267227494
P06400,0.2674387
P13726,0.268154633
P19235,0.269212546
Q08ET2,0.270024729
Q07021,0.274977651
Q9UKR3,0.27553848
P31948,0.285493364
P13501,0.286887448
O95994,0.287650237
Q08629,0.288561343
P50895,0.289213495
P17936,0.290048599
Q14956,0.290675068
Q15485,0.291578601
P08476.P09529,0.291590427
P01133,0.292652408
P13497,0.292865873
Q92851,0.294113752
P02748,0.296287267
P02768,0.297167419
P55957,0.298054495
P11226,0.299192756
P07996,0.301906583
P09493,0.302476675
Q9H773,0.308268667
O75582,0.308609075
Q16552,0.309914627
P36507,0.31112213
Q9NP97,0.313111477
O95825,0.315997231
P08709,0.316558827
O00299,0.316888263
Q10588,0.317538389
P18627,0.320159761
P04141,0.320419872
O43866,0.320558485
Q99969,0.323121608
P02787,0.325202709
Q9BYF1,0.326368558
Q96IY4,0.32653145
P09038,0.327350946
P01036,0.32775178
Q08380,0.327978085
P17931,0.328060198
P04155,0.330676365
O95998,0.331468158
P30101,0.332692109
P20138,0.333489
Q08345,0.336178012
Q07507,0.339532227
P02679,0.339764189
P06734,0.341521779
P06576,0.343700022
P60568,0.344170491
Q03167,0.345213371
P01215.P01222,0.34543631
P09104,0.345790063
Q9NQ25,0.345908942
P31151,0.347257349
P01019,0.348599664
Q16644,0.350821908
Q96GW7,0.351169481
P53778,0.352441903
P42575,0.361199024
P04070,0.361963756
P52797,0.362174105
P01270,0.362514927
P17174,0.36311241
P15692.1,0.365100939
P08254,0.366729852
P18428,0.368648879
O43781,0.369274409
P08253,0.369685184
P29460..Q9NPF7,0.372910986
P35030,0.374007447
Q8N423,0.374665562
Q9HCK4,0.37567285
Q13765,0.37827322
P80162,0.379205114
Q04721,0.379988669
P32970,0.380794913
O95389,0.381508718
P26927,0.382771801
P17813,0.383369457
Q07820,0.383601723
Q7Z3B1,0.385135781
P00747.2,0.387379879
Q969J5,0.3904046
Q99829,0.390883723
Q13740,0.391432274
Q9UBG0,0.392610096
Q9UNE7,0.393631326
P08581,0.3940152
P18031,0.398849294
P04083,0.401576648
P14174,0.406067096
P00736,0.406929695
Q5VWK5,0.408724991
P02818,0.410466771
Q5KU26,0.411252934
P03951,0.411275216
Q92876,0.413045961
P81172,0.413840884
P01563,0.415220802
O00300,0.418344867
P10721,0.418724956
Q9GZX6,0.418958361
P01106,0.4211614
Q99731,0.422422005
P25391..P07942..P11047,0.425842268
P27797,0.428291753
Q9NZH6,0.429720057
P21709,0.430300954
Q02223,0.431420479
Q8N126,0.434694155
P51654,0.437146308
P07225,0.442399943
P21810,0.443361637
P10809,0.448212812
O76083,0.448943631
Q13478,0.453955214
Q16539,0.454301533
P10147,0.45504062
Q9NZQ7,0.455972413
P08603,0.457429879
P04075,0.459114624
P24666,0.463002876
P14151,0.465259147
Q9NRJ3,0.465637252
P29317,0.466823117
P19367,0.46756618
P16234,0.468498587
Q01973,0.468906306
P36888,0.469733778
P19876.P19875,0.471927248
Q14515,0.474518809
O75509,0.47474606
P62826,0.480133916
P09619,0.480575907
HCE001796,0.482216604
P12830,0.48602765
O00339,0.487369433
P10912,0.488757771
Q8IWV2,0.490136498
O15031,0.493027876
P15941,0.495271913
Q96BQ1,0.495330564
Q8NAC3,0.49610661
P24394,0.496189063
Q8IXJ6,0.502923118
P41159,0.5033457
O95954,0.504263004
O75462.Q9UBD9,0.513821697
P12272,0.520287168
P40225,0.521794089
HCE000104,0.522788755
Q70626,0.523075938
P02671.P02675.P02679,0.523162677
P50461,0.525306267
Q96PQ0,0.528676553
Q14145,0.530928487
P13671,0.531302701
P31785,0.532273733
P16410,0.53231297
P16619,0.536103727
P02753,0.537617363
P01871,0.540152065
P14061,0.541972156
P01215..P01229,0.542502219
Q8IYJ0,0.543964618
P13693,0.544802862
P0C0L4..P0C0L5,0.552242924
P14136,0.557200374
Q29983,0.565436876
O00182,0.565436991
P52799,0.570949778
P01857,0.572623299
P16109,0.572910624
P55291,0.573158493
P48736,0.573183127
Q9UIK4,0.575009263
Q9Y336,0.578550112
Q92956,0.585285563
Q9HBG7,0.586631666
P26842,0.587894531
O15444,0.591516038
O00253,0.591589313
P05155,0.593807213
O15467,0.594245264
Q96PD4,0.595484801
P01031.1,0.597529073
P48357,0.598925781
P36941,0.603015226
P32004,0.60306295
HCE000342,0.610554662
Q9BY67,0.617532326
Q9H098,0.620696231
O00626,0.622184199
Q12884,0.623510482
P33151,0.624729894
P18509,0.625078179
P08887,0.625160008
Q13651,0.625342408
P54920,0.626903406
Q12860,0.627994645
Q15759,0.628470639
Q15582,0.629883981
P18509.1,0.630385223
O00206,0.63219274
Q8WWG1,0.632471332
Q9NRA1,0.632701397
HCE000414,0.63270213
Q16620,0.638674396
P78324,0.638795402
P07357.P07358.P07360,0.639947809
O00214,0.6411901
Q6UWB1,0.642377565
P36894,0.643558221
Q15063,0.648914295
P25685,0.656173937
P06733,0.664788729
Q9NZU0,0.665971868
Q68DV7,0.667910809
P43403,0.669577788
P41182,0.670760274
P13686,0.671081722
Q92934,0.671400028
Q9UBU3,0.671824882
Q9Y5N5,0.672791103
P27930,0.67285035
Q15389,0.672904197
Q9ULT6,0.673603544
P05114,0.67370212
Q9UNE0,0.677574946
P49862,0.683588139
O95390.O14793,0.684079914
P12318,0.684111242
P15514,0.68643803
P61088,0.687873431
P63000,0.688166544
Q11128,0.688856237
P46734,0.689089114
P01031,0.68916297
Q9Y275,0.689665637
Q9BX67,0.690867396
Q14432,0.693185372
O14965,0.695289917
P57087,0.697504011
P05113,0.702038504
P52803,0.709106793
O00755,0.709624142
Q14012,0.710511198
Q16549,0.714666353
P40763,0.720806174
P46527,0.725046103
Q8NBP7,0.726289979
Q9UBX1,0.72908404
P04196,0.729325986
P37173,0.736341381
Q03403,0.740971746
P78423,0.744772301
Q8IVD9,0.746470047
Q9H422,0.754687517
Q04756,0.755308958
O43557,0.756690083
Q8N2W9,0.763317526
P13385,0.765170872
P27918,0.767548243
P01011,0.772619298
Q07954,0.774265354
Q9UNP9,0.775114338
O60930,0.777790777
P14735,0.790661486
P01574,0.79251941
P01880,0.792710802
P41743,0.795310239
P27658,0.795743128
P37802,0.798671506
O75356,0.801038382
Q96F46,0.803046989
Q16674,0.80638306
Q05397,0.814737209
P07949,0.816261961
P46952,0.817809855
P30405,0.818220483
Q5S007,0.822060733
P60484,0.824091491
P42336.P27986,0.825406254
P55285,0.828177779
P68402,0.828466174
P31946,0.830803143
Q16619,0.833229273
Q16288,0.836644237
O60603,0.838837824
P10914,0.843181089
P35590,0.844375314
P02790,0.845597095
O14931,0.85043135
P04278,0.851708944
O15520,0.856955568
P12544,0.862119423
P29279,0.862303557
P05161,0.863150369
P28799,0.863461725
P35916,0.867898523
P43026,0.868896012
O14625,0.869356167
Q13449,0.869372586
P08697,0.870129586
P35625,0.870315359
P31946..P62258..P61981..Q04917..P27348..P63104..P31947,0.870445993
P08174,0.875422177
P22362,0.875814387
P00568,0.876145803
HCE003167,0.879984868
P18075,0.88073412
O15041,0.884388132
P28325,0.886142828
Q9UJU6,0.886322035
Q05655,0.889014676
P98066,0.892249489
P05129,0.899957357
Q9UKR0,0.900376698
P02751.2,0.901747094
Q15118,0.904256302
P10619,0.905352566
P55773.1,0.910077168
Q9NP84,0.912870314
Q9UGM5,0.914235755
P09668,0.914562148
Q86YT9,0.916543997
P50542,0.917783347
P29401,0.920694655
Q96GD0,0.920725206
P10082,0.924702421
Q9BZM5,0.927683949
O14788,0.933080029
P40189,0.933093038
P16581,0.933481687
P58400,0.933662798
Q16772,0.937379303
P61247,0.941517419
P55854,0.944163464
O75636,0.947145977
P15531,0.949331207
P21860,0.949568911
Q9BQB4,0.952250562
P28907,0.954552363
P15260,0.956718586
O14944,0.960974242
O95881,0.962541736
Q16665,0.965697836
O94768,0.968354661
P01138,0.968390276
Q9UHD0,0.974463632
P36955,0.976020981
P61626,0.976735015
Q06609,0.989277475
P0CG48,0.990329314
P35318,0.990429783
P29459...P29460,0.991319969
P15692,0.999047795
P09238,0.999127632